product_name,total_shared_attributes
" ""59254.jpg""",2
" ""59220.jpg""",2
" ""10105.jpg""",1
" ""45912.jpg""",1
" ""45911.jpg""",1
" ""45910.jpg""",1
" ""45909.jpg""",1
" ""45907.jpg""",1
" ""45906.jpg""",1
" ""45904.jpg""",1
" ""45903.jpg""",1
" ""45902.jpg""",1
" ""45901.jpg""",1
" ""45900.jpg""",1
" ""45899.jpg""",1
" ""45898.jpg""",1
" ""45897.jpg""",1
" ""45896.jpg""",1
" ""45895.jpg""",1
" ""45894.jpg""",1
" ""45892.jpg""",1
" ""45891.jpg""",1
" ""45890.jpg""",1
" ""45889.jpg""",1
" ""45888.jpg""",1
" ""45887.jpg""",1
" ""45886.jpg""",1
" ""45885.jpg""",1
" ""45884.jpg""",1
" ""45913.jpg""",1
" ""45914.jpg""",1
" ""45915.jpg""",1
" ""45936.jpg""",1
" ""46316.jpg""",1
" ""46315.jpg""",1
" ""46313.jpg""",1
" ""46312.jpg""",1
" ""46311.jpg""",1
" ""46310.jpg""",1
" ""46309.jpg""",1
" ""46308.jpg""",1
" ""45940.jpg""",1
" ""45939.jpg""",1
" ""45938.jpg""",1
" ""45937.jpg""",1
" ""45932.jpg""",1
" ""45916.jpg""",1
" ""45931.jpg""",1
" ""45929.jpg""",1
" ""45928.jpg""",1
" ""45927.jpg""",1
" ""45926.jpg""",1
" ""45925.jpg""",1
" ""45924.jpg""",1
" ""45923.jpg""",1
" ""45921.jpg""",1
" ""45920.jpg""",1
" ""45919.jpg""",1
" ""45917.jpg""",1
" ""45882.jpg""",1
" ""45881.jpg""",1
" ""46318.jpg""",1
" ""45880.jpg""",1
" ""45254.jpg""",1
" ""45253.jpg""",1
" ""45250.jpg""",1
" ""45249.jpg""",1
" ""45248.jpg""",1
" ""45247.jpg""",1
" ""45246.jpg""",1
" ""45245.jpg""",1
" ""45244.jpg""",1
" ""45242.jpg""",1
" ""45240.jpg""",1
" ""45239.jpg""",1
" ""45238.jpg""",1
" ""45236.jpg""",1
" ""45235.jpg""",1
" ""45234.jpg""",1
" ""45231.jpg""",1
" ""45229.jpg""",1
" ""45228.jpg""",1
" ""45227.jpg""",1
" ""45226.jpg""",1
" ""45225.jpg""",1
" ""45224.jpg""",1
" ""45222.jpg""",1
" ""45221.jpg""",1
" ""45220.jpg""",1
" ""45219.jpg""",1
" ""45257.jpg""",1
" ""45259.jpg""",1
" ""45260.jpg""",1
" ""45293.jpg""",1
" ""45878.jpg""",1
" ""45875.jpg""",1
" ""45874.jpg""",1
" ""45873.jpg""",1
" ""45872.jpg""",1
" ""45870.jpg""",1
" ""45869.jpg""",1
" ""45298.jpg""",1
" ""45297.jpg""",1
" ""45296.jpg""",1
" ""45295.jpg""",1
" ""45294.jpg""",1
" ""45292.jpg""",1
" ""45261.jpg""",1
" ""45291.jpg""",1
" ""45290.jpg""",1
" ""45289.jpg""",1
" ""45288.jpg""",1
" ""45287.jpg""",1
" ""45286.jpg""",1
" ""45273.jpg""",1
" ""45272.jpg""",1
" ""45269.jpg""",1
" ""45268.jpg""",1
" ""45266.jpg""",1
" ""45264.jpg""",1
" ""46317.jpg""",1
" ""46419.jpg""",1
" ""46418.jpg""",1
" ""46515.jpg""",1
" ""46530.jpg""",1
" ""46529.jpg""",1
" ""46528.jpg""",1
" ""46527.jpg""",1
" ""46526.jpg""",1
" ""46525.jpg""",1
" ""46524.jpg""",1
" ""46523.jpg""",1
" ""46521.jpg""",1
" ""46519.jpg""",1
" ""46517.jpg""",1
" ""46516.jpg""",1
" ""46513.jpg""",1
" ""46534.jpg""",1
" ""46512.jpg""",1
" ""46511.jpg""",1
" ""46510.jpg""",1
" ""46509.jpg""",1
" ""46508.jpg""",1
" ""46505.jpg""",1
" ""46503.jpg""",1
" ""46502.jpg""",1
" ""46501.jpg""",1
" ""46500.jpg""",1
" ""46499.jpg""",1
" ""46498.jpg""",1
" ""46532.jpg""",1
" ""46538.jpg""",1
" ""46494.jpg""",1
" ""46559.jpg""",1
" ""46579.jpg""",1
" ""46578.jpg""",1
" ""46577.jpg""",1
" ""46575.jpg""",1
" ""46572.jpg""",1
" ""46570.jpg""",1
" ""46569.jpg""",1
" ""46565.jpg""",1
" ""46563.jpg""",1
" ""46562.jpg""",1
" ""46561.jpg""",1
" ""46560.jpg""",1
" ""46558.jpg""",1
" ""46540.jpg""",1
" ""46557.jpg""",1
" ""46556.jpg""",1
" ""46554.jpg""",1
" ""46553.jpg""",1
" ""46552.jpg""",1
" ""46549.jpg""",1
" ""46546.jpg""",1
" ""46545.jpg""",1
" ""46544.jpg""",1
" ""46543.jpg""",1
" ""46542.jpg""",1
" ""46541.jpg""",1
" ""46495.jpg""",1
" ""46493.jpg""",1
" ""45217.jpg""",1
" ""46438.jpg""",1
" ""46454.jpg""",1
" ""46452.jpg""",1
" ""46451.jpg""",1
" ""46450.jpg""",1
" ""46449.jpg""",1
" ""46448.jpg""",1
" ""46447.jpg""",1
" ""46444.jpg""",1
" ""46443.jpg""",1
" ""46442.jpg""",1
" ""46440.jpg""",1
" ""46439.jpg""",1
" ""46437.jpg""",1
" ""46459.jpg""",1
" ""46434.jpg""",1
" ""46433.jpg""",1
" ""46432.jpg""",1
" ""46431.jpg""",1
" ""46428.jpg""",1
" ""46427.jpg""",1
" ""46426.jpg""",1
" ""46425.jpg""",1
" ""46424.jpg""",1
" ""46423.jpg""",1
" ""46422.jpg""",1
" ""46420.jpg""",1
" ""46458.jpg""",1
" ""46460.jpg""",1
" ""46492.jpg""",1
" ""46478.jpg""",1
" ""46491.jpg""",1
" ""46490.jpg""",1
" ""46489.jpg""",1
" ""46488.jpg""",1
" ""46487.jpg""",1
" ""46486.jpg""",1
" ""46485.jpg""",1
" ""46483.jpg""",1
" ""46482.jpg""",1
" ""46481.jpg""",1
" ""46480.jpg""",1
" ""46479.jpg""",1
" ""46477.jpg""",1
" ""46461.jpg""",1
" ""46476.jpg""",1
" ""46475.jpg""",1
" ""46474.jpg""",1
" ""46472.jpg""",1
" ""46471.jpg""",1
" ""46470.jpg""",1
" ""46468.jpg""",1
" ""46467.jpg""",1
" ""46466.jpg""",1
" ""46465.jpg""",1
" ""46464.jpg""",1
" ""46463.jpg""",1
" ""45218.jpg""",1
" ""45216.jpg""",1
" ""4665.jpg""",1
" ""43210.jpg""",1
" ""44965.jpg""",1
" ""44964.jpg""",1
" ""44963.jpg""",1
" ""43540.jpg""",1
" ""43219.jpg""",1
" ""43218.jpg""",1
" ""43217.jpg""",1
" ""43216.jpg""",1
" ""43215.jpg""",1
" ""43214.jpg""",1
" ""43213.jpg""",1
" ""43211.jpg""",1
" ""43209.jpg""",1
" ""44967.jpg""",1
" ""43208.jpg""",1
" ""43204.jpg""",1
" ""43203.jpg""",1
" ""43201.jpg""",1
" ""43199.jpg""",1
" ""43198.jpg""",1
" ""43197.jpg""",1
" ""43196.jpg""",1
" ""43195.jpg""",1
" ""43194.jpg""",1
" ""43193.jpg""",1
" ""43192.jpg""",1
" ""44966.jpg""",1
" ""44969.jpg""",1
" ""43189.jpg""",1
" ""44988.jpg""",1
" ""45005.jpg""",1
" ""45004.jpg""",1
" ""45003.jpg""",1
" ""45002.jpg""",1
" ""45001.jpg""",1
" ""45000.jpg""",1
" ""44996.jpg""",1
" ""44994.jpg""",1
" ""44992.jpg""",1
" ""44991.jpg""",1
" ""44990.jpg""",1
" ""44989.jpg""",1
" ""44987.jpg""",1
" ""44970.jpg""",1
" ""44986.jpg""",1
" ""44985.jpg""",1
" ""44984.jpg""",1
" ""44983.jpg""",1
" ""44982.jpg""",1
" ""44981.jpg""",1
" ""44980.jpg""",1
" ""44979.jpg""",1
" ""44978.jpg""",1
" ""44977.jpg""",1
" ""44974.jpg""",1
" ""44971.jpg""",1
" ""43191.jpg""",1
" ""43188.jpg""",1
" ""45215.jpg""",1
" ""41029.jpg""",1
" ""43149.jpg""",1
" ""43148.jpg""",1
" ""41050.jpg""",1
" ""41049.jpg""",1
" ""41048.jpg""",1
" ""41047.jpg""",1
" ""41043.jpg""",1
" ""41041.jpg""",1
" ""41038.jpg""",1
" ""41036.jpg""",1
" ""41035.jpg""",1
" ""41034.jpg""",1
" ""40564.jpg""",1
" ""43151.jpg""",1
" ""40563.jpg""",1
" ""40562.jpg""",1
" ""40561.jpg""",1
" ""40560.jpg""",1
" ""40559.jpg""",1
" ""40557.jpg""",1
" ""40556.jpg""",1
" ""40554.jpg""",1
" ""40551.jpg""",1
" ""40548.jpg""",1
" ""40547.jpg""",1
" ""40546.jpg""",1
" ""43150.jpg""",1
" ""43153.jpg""",1
" ""43187.jpg""",1
" ""43172.jpg""",1
" ""43186.jpg""",1
" ""43185.jpg""",1
" ""43184.jpg""",1
" ""43183.jpg""",1
" ""43181.jpg""",1
" ""43180.jpg""",1
" ""43179.jpg""",1
" ""43177.jpg""",1
" ""43176.jpg""",1
" ""43175.jpg""",1
" ""43174.jpg""",1
" ""43173.jpg""",1
" ""43170.jpg""",1
" ""43154.jpg""",1
" ""43169.jpg""",1
" ""43168.jpg""",1
" ""43167.jpg""",1
" ""43166.jpg""",1
" ""43163.jpg""",1
" ""43161.jpg""",1
" ""43160.jpg""",1
" ""43159.jpg""",1
" ""43158.jpg""",1
" ""43157.jpg""",1
" ""43156.jpg""",1
" ""43155.jpg""",1
" ""45006.jpg""",1
" ""45008.jpg""",1
" ""45009.jpg""",1
" ""45159.jpg""",1
" ""45173.jpg""",1
" ""45172.jpg""",1
" ""45171.jpg""",1
" ""45170.jpg""",1
" ""45169.jpg""",1
" ""45166.jpg""",1
" ""45165.jpg""",1
" ""45164.jpg""",1
" ""45163.jpg""",1
" ""45162.jpg""",1
" ""45161.jpg""",1
" ""45160.jpg""",1
" ""45158.jpg""",1
" ""45175.jpg""",1
" ""45157.jpg""",1
" ""45155.jpg""",1
" ""45154.jpg""",1
" ""45153.jpg""",1
" ""45151.jpg""",1
" ""45150.jpg""",1
" ""45149.jpg""",1
" ""45148.jpg""",1
" ""45147.jpg""",1
" ""45146.jpg""",1
" ""45145.jpg""",1
" ""45144.jpg""",1
" ""45174.jpg""",1
" ""45177.jpg""",1
" ""45010.jpg""",1
" ""45199.jpg""",1
" ""45214.jpg""",1
" ""45212.jpg""",1
" ""45211.jpg""",1
" ""45210.jpg""",1
" ""45209.jpg""",1
" ""45208.jpg""",1
" ""45207.jpg""",1
" ""45206.jpg""",1
" ""45204.jpg""",1
" ""45203.jpg""",1
" ""45202.jpg""",1
" ""45200.jpg""",1
" ""45198.jpg""",1
" ""45178.jpg""",1
" ""45197.jpg""",1
" ""45196.jpg""",1
" ""45195.jpg""",1
" ""45194.jpg""",1
" ""45193.jpg""",1
" ""45192.jpg""",1
" ""45191.jpg""",1
" ""45190.jpg""",1
" ""45189.jpg""",1
" ""45187.jpg""",1
" ""45185.jpg""",1
" ""45179.jpg""",1
" ""45143.jpg""",1
" ""45141.jpg""",1
" ""45140.jpg""",1
" ""45031.jpg""",1
" ""45045.jpg""",1
" ""45043.jpg""",1
" ""45042.jpg""",1
" ""45041.jpg""",1
" ""45040.jpg""",1
" ""45039.jpg""",1
" ""45037.jpg""",1
" ""45036.jpg""",1
" ""45035.jpg""",1
" ""45034.jpg""",1
" ""45033.jpg""",1
" ""45032.jpg""",1
" ""45030.jpg""",1
" ""45139.jpg""",1
" ""45028.jpg""",1
" ""45027.jpg""",1
" ""45026.jpg""",1
" ""45022.jpg""",1
" ""45021.jpg""",1
" ""45020.jpg""",1
" ""45018.jpg""",1
" ""45017.jpg""",1
" ""45016.jpg""",1
" ""45015.jpg""",1
" ""45013.jpg""",1
" ""45012.jpg""",1
" ""45046.jpg""",1
" ""45047.jpg""",1
" ""45048.jpg""",1
" ""45107.jpg""",1
" ""45138.jpg""",1
" ""45137.jpg""",1
" ""45136.jpg""",1
" ""45135.jpg""",1
" ""45134.jpg""",1
" ""45133.jpg""",1
" ""45132.jpg""",1
" ""45130.jpg""",1
" ""45129.jpg""",1
" ""45128.jpg""",1
" ""45127.jpg""",1
" ""45126.jpg""",1
" ""45125.jpg""",1
" ""45123.jpg""",1
" ""45122.jpg""",1
" ""45120.jpg""",1
" ""45119.jpg""",1
" ""45118.jpg""",1
" ""45116.jpg""",1
" ""45114.jpg""",1
" ""45113.jpg""",1
" ""45111.jpg""",1
" ""45110.jpg""",1
" ""45109.jpg""",1
" ""45108.jpg""",1
" ""4664.jpg""",1
" ""4666.jpg""",1
" ""40544.jpg""",1
" ""54651.jpg""",1
" ""54666.jpg""",1
" ""54664.jpg""",1
" ""54663.jpg""",1
" ""54662.jpg""",1
" ""54661.jpg""",1
" ""54660.jpg""",1
" ""54659.jpg""",1
" ""54658.jpg""",1
" ""54657.jpg""",1
" ""54656.jpg""",1
" ""54654.jpg""",1
" ""54652.jpg""",1
" ""54650.jpg""",1
" ""54668.jpg""",1
" ""54649.jpg""",1
" ""54648.jpg""",1
" ""54647.jpg""",1
" ""54644.jpg""",1
" ""54642.jpg""",1
" ""54641.jpg""",1
" ""54640.jpg""",1
" ""54639.jpg""",1
" ""54638.jpg""",1
" ""54637.jpg""",1
" ""54636.jpg""",1
" ""54635.jpg""",1
" ""54667.jpg""",1
" ""54670.jpg""",1
" ""54633.jpg""",1
" ""56326.jpg""",1
" ""56668.jpg""",1
" ""56667.jpg""",1
" ""56348.jpg""",1
" ""56346.jpg""",1
" ""56343.jpg""",1
" ""56342.jpg""",1
" ""56340.jpg""",1
" ""56339.jpg""",1
" ""56338.jpg""",1
" ""56331.jpg""",1
" ""56329.jpg""",1
" ""56327.jpg""",1
" ""56322.jpg""",1
" ""54671.jpg""",1
" ""56320.jpg""",1
" ""56319.jpg""",1
" ""56318.jpg""",1
" ""56317.jpg""",1
" ""56315.jpg""",1
" ""56312.jpg""",1
" ""54679.jpg""",1
" ""54678.jpg""",1
" ""54677.jpg""",1
" ""54676.jpg""",1
" ""54675.jpg""",1
" ""54674.jpg""",1
" ""54634.jpg""",1
" ""54632.jpg""",1
" ""52690.jpg""",1
" ""53573.jpg""",1
" ""53589.jpg""",1
" ""53588.jpg""",1
" ""53585.jpg""",1
" ""53584.jpg""",1
" ""53582.jpg""",1
" ""53581.jpg""",1
" ""53580.jpg""",1
" ""53579.jpg""",1
" ""53577.jpg""",1
" ""53576.jpg""",1
" ""53575.jpg""",1
" ""53574.jpg""",1
" ""53572.jpg""",1
" ""53591.jpg""",1
" ""53571.jpg""",1
" ""53570.jpg""",1
" ""53569.jpg""",1
" ""53568.jpg""",1
" ""53567.jpg""",1
" ""53565.jpg""",1
" ""53563.jpg""",1
" ""53561.jpg""",1
" ""52816.jpg""",1
" ""52694.jpg""",1
" ""52693.jpg""",1
" ""52692.jpg""",1
" ""53590.jpg""",1
" ""53592.jpg""",1
" ""54631.jpg""",1
" ""53620.jpg""",1
" ""54629.jpg""",1
" ""54628.jpg""",1
" ""54626.jpg""",1
" ""54625.jpg""",1
" ""54622.jpg""",1
" ""54621.jpg""",1
" ""54620.jpg""",1
" ""53871.jpg""",1
" ""53629.jpg""",1
" ""53628.jpg""",1
" ""53626.jpg""",1
" ""53625.jpg""",1
" ""53618.jpg""",1
" ""53593.jpg""",1
" ""53617.jpg""",1
" ""53616.jpg""",1
" ""53615.jpg""",1
" ""53613.jpg""",1
" ""53612.jpg""",1
" ""53608.jpg""",1
" ""53606.jpg""",1
" ""53605.jpg""",1
" ""53601.jpg""",1
" ""53600.jpg""",1
" ""53599.jpg""",1
" ""53595.jpg""",1
" ""56669.jpg""",1
" ""56670.jpg""",1
" ""56672.jpg""",1
" ""59276.jpg""",1
" ""59291.jpg""",1
" ""59290.jpg""",1
" ""59287.jpg""",1
" ""59286.jpg""",1
" ""59284.jpg""",1
" ""59283.jpg""",1
" ""59282.jpg""",1
" ""59281.jpg""",1
" ""59280.jpg""",1
" ""59279.jpg""",1
" ""59278.jpg""",1
" ""59277.jpg""",1
" ""59274.jpg""",1
" ""59293.jpg""",1
" ""59273.jpg""",1
" ""59271.jpg""",1
" ""59270.jpg""",1
" ""59267.jpg""",1
" ""59265.jpg""",1
" ""59264.jpg""",1
" ""59263.jpg""",1
" ""59262.jpg""",1
" ""59261.jpg""",1
" ""59260.jpg""",1
" ""59259.jpg""",1
" ""59258.jpg""",1
" ""59292.jpg""",1
" ""8095.jpg""",1
" ""56674.jpg""",1
" ""8133.jpg""",1
" ""DKNY_Adults-Women_Women_Black_Fashion_Winter_2016_Casual_Synthetic_Hybrid_Mechanical_Non-Resistant_R_5""",1
" ""DKNY_Adults-Women_Women_Black_Fashion_Winter_2016_Casual_Synthetic_Hybrid_Mechanical_Non-Resistant_R_3""",1
" ""DKNY_Adults-Women_Women_Black_Fashion_Winter_2016_Casual_Synthetic_Hybrid_Mechanical_Non-Resistant_R_1""",1
" ""DKNY_Adults-Women_Women_Black_Fashion_Winter_2016_Casual_Synthetic_Hybrid_Mechanical_Non-Resistant_R_0""",1
" ""8144.jpg""",1
" ""8143.jpg""",1
" ""8142.jpg""",1
" ""8140.jpg""",1
" ""8139.jpg""",1
" ""8138.jpg""",1
" ""8136.jpg""",1
" ""8134.jpg""",1
" ""8132.jpg""",1
" ""8099.jpg""",1
" ""8131.jpg""",1
" ""8124.jpg""",1
" ""8116.jpg""",1
" ""8115.jpg""",1
" ""8112.jpg""",1
" ""8110.jpg""",1
" ""8107.jpg""",1
" ""8106.jpg""",1
" ""8104.jpg""",1
" ""8102.jpg""",1
" ""8101.jpg""",1
" ""8100.jpg""",1
" ""59257.jpg""",1
" ""59256.jpg""",1
" ""59255.jpg""",1
" ""58821.jpg""",1
" ""58939.jpg""",1
" ""58935.jpg""",1
" ""58934.jpg""",1
" ""58832.jpg""",1
" ""58831.jpg""",1
" ""58830.jpg""",1
" ""58829.jpg""",1
" ""58828.jpg""",1
" ""58827.jpg""",1
" ""58825.jpg""",1
" ""58823.jpg""",1
" ""58822.jpg""",1
" ""58456.jpg""",1
" ""59252.jpg""",1
" ""58454.jpg""",1
" ""58453.jpg""",1
" ""58450.jpg""",1
" ""58449.jpg""",1
" ""58448.jpg""",1
" ""58447.jpg""",1
" ""58445.jpg""",1
" ""58444.jpg""",1
" ""56682.jpg""",1
" ""56681.jpg""",1
" ""56678.jpg""",1
" ""56676.jpg""",1
" ""58940.jpg""",1
" ""58941.jpg""",1
" ""58942.jpg""",1
" ""59214.jpg""",1
" ""59251.jpg""",1
" ""59250.jpg""",1
" ""59248.jpg""",1
" ""59247.jpg""",1
" ""59246.jpg""",1
" ""59243.jpg""",1
" ""59241.jpg""",1
" ""59239.jpg""",1
" ""59237.jpg""",1
" ""59235.jpg""",1
" ""59233.jpg""",1
" ""59232.jpg""",1
" ""59231.jpg""",1
" ""59230.jpg""",1
" ""59229.jpg""",1
" ""59228.jpg""",1
" ""59227.jpg""",1
" ""59225.jpg""",1
" ""59223.jpg""",1
" ""59222.jpg""",1
" ""59221.jpg""",1
" ""59219.jpg""",1
" ""59218.jpg""",1
" ""59217.jpg""",1
" ""59215.jpg""",1
" ""52691.jpg""",1
" ""52688.jpg""",1
" ""46735.jpg""",1
" ""49857.jpg""",1
" ""49872.jpg""",1
" ""49871.jpg""",1
" ""49870.jpg""",1
" ""49869.jpg""",1
" ""49868.jpg""",1
" ""49866.jpg""",1
" ""49865.jpg""",1
" ""49863.jpg""",1
" ""49862.jpg""",1
" ""49861.jpg""",1
" ""49860.jpg""",1
" ""49858.jpg""",1
" ""49856.jpg""",1
" ""49874.jpg""",1
" ""49851.jpg""",1
" ""49848.jpg""",1
" ""49847.jpg""",1
" ""49845.jpg""",1
" ""49844.jpg""",1
" ""49517.jpg""",1
" ""49516.jpg""",1
" ""49515.jpg""",1
" ""49514.jpg""",1
" ""49513.jpg""",1
" ""49328.jpg""",1
" ""49327.jpg""",1
" ""49873.jpg""",1
" ""49875.jpg""",1
" ""49325.jpg""",1
" ""49892.jpg""",1
" ""49907.jpg""",1
" ""49904.jpg""",1
" ""49903.jpg""",1
" ""49901.jpg""",1
" ""49900.jpg""",1
" ""49899.jpg""",1
" ""49898.jpg""",1
" ""49897.jpg""",1
" ""49896.jpg""",1
" ""49895.jpg""",1
" ""49894.jpg""",1
" ""49893.jpg""",1
" ""49891.jpg""",1
" ""49876.jpg""",1
" ""49890.jpg""",1
" ""49889.jpg""",1
" ""49887.jpg""",1
" ""49886.jpg""",1
" ""49885.jpg""",1
" ""49883.jpg""",1
" ""49882.jpg""",1
" ""49881.jpg""",1
" ""49880.jpg""",1
" ""49879.jpg""",1
" ""49878.jpg""",1
" ""49877.jpg""",1
" ""49326.jpg""",1
" ""49324.jpg""",1
" ""52687.jpg""",1
" ""4702.jpg""",1
" ""47989.jpg""",1
" ""47978.jpg""",1
" ""47977.jpg""",1
" ""47965.jpg""",1
" ""4715.jpg""",1
" ""4710.jpg""",1
" ""4709.jpg""",1
" ""4708.jpg""",1
" ""4706.jpg""",1
" ""4705.jpg""",1
" ""4704.jpg""",1
" ""4703.jpg""",1
" ""4701.jpg""",1
" ""47992.jpg""",1
" ""4700.jpg""",1
" ""4699.jpg""",1
" ""4698.jpg""",1
" ""4697.jpg""",1
" ""4695.jpg""",1
" ""4694.jpg""",1
" ""4691.jpg""",1
" ""4690.jpg""",1
" ""46740.jpg""",1
" ""46739.jpg""",1
" ""46738.jpg""",1
" ""46736.jpg""",1
" ""47991.jpg""",1
" ""47993.jpg""",1
" ""49323.jpg""",1
" ""48027.jpg""",1
" ""49321.jpg""",1
" ""48569.jpg""",1
" ""48046.jpg""",1
" ""48039.jpg""",1
" ""48038.jpg""",1
" ""48037.jpg""",1
" ""48036.jpg""",1
" ""48033.jpg""",1
" ""48032.jpg""",1
" ""48031.jpg""",1
" ""48030.jpg""",1
" ""48028.jpg""",1
" ""48026.jpg""",1
" ""47994.jpg""",1
" ""48025.jpg""",1
" ""48024.jpg""",1
" ""48023.jpg""",1
" ""48022.jpg""",1
" ""48017.jpg""",1
" ""48016.jpg""",1
" ""48015.jpg""",1
" ""48014.jpg""",1
" ""48010.jpg""",1
" ""48007.jpg""",1
" ""48005.jpg""",1
" ""47995.jpg""",1
" ""49913.jpg""",1
" ""49914.jpg""",1
" ""50387.jpg""",1
" ""51622.jpg""",1
" ""51635.jpg""",1
" ""51634.jpg""",1
" ""51632.jpg""",1
" ""51631.jpg""",1
" ""51630.jpg""",1
" ""51629.jpg""",1
" ""51628.jpg""",1
" ""51627.jpg""",1
" ""51626.jpg""",1
" ""51625.jpg""",1
" ""51624.jpg""",1
" ""51623.jpg""",1
" ""51621.jpg""",1
" ""51637.jpg""",1
" ""51620.jpg""",1
" ""51581.jpg""",1
" ""51579.jpg""",1
" ""51576.jpg""",1
" ""51574.jpg""",1
" ""51573.jpg""",1
" ""51566.jpg""",1
" ""51565.jpg""",1
" ""51563.jpg""",1
" ""51562.jpg""",1
" ""51561.jpg""",1
" ""51559.jpg""",1
" ""51636.jpg""",1
" ""51638.jpg""",1
" ""50388.jpg""",1
" ""51661.jpg""",1
" ""52686.jpg""",1
" ""52684.jpg""",1
" ""52683.jpg""",1
" ""52682.jpg""",1
" ""52681.jpg""",1
" ""52680.jpg""",1
" ""52679.jpg""",1
" ""52678.jpg""",1
" ""52676.jpg""",1
" ""52671.jpg""",1
" ""52670.jpg""",1
" ""52665.jpg""",1
" ""51659.jpg""",1
" ""51639.jpg""",1
" ""51657.jpg""",1
" ""51656.jpg""",1
" ""51655.jpg""",1
" ""51654.jpg""",1
" ""51651.jpg""",1
" ""51650.jpg""",1
" ""51649.jpg""",1
" ""51648.jpg""",1
" ""51647.jpg""",1
" ""51645.jpg""",1
" ""51643.jpg""",1
" ""51641.jpg""",1
" ""51558.jpg""",1
" ""51556.jpg""",1
" ""51555.jpg""",1
" ""5073.jpg""",1
" ""51513.jpg""",1
" ""51512.jpg""",1
" ""51510.jpg""",1
" ""51301.jpg""",1
" ""51272.jpg""",1
" ""51271.jpg""",1
" ""51269.jpg""",1
" ""5080.jpg""",1
" ""5079.jpg""",1
" ""5078.jpg""",1
" ""5076.jpg""",1
" ""5074.jpg""",1
" ""5072.jpg""",1
" ""51552.jpg""",1
" ""5070.jpg""",1
" ""5069.jpg""",1
" ""50418.jpg""",1
" ""50405.jpg""",1
" ""50404.jpg""",1
" ""50403.jpg""",1
" ""50401.jpg""",1
" ""50395.jpg""",1
" ""50394.jpg""",1
" ""50391.jpg""",1
" ""50390.jpg""",1
" ""50389.jpg""",1
" ""51515.jpg""",1
" ""51516.jpg""",1
" ""51517.jpg""",1
" ""51519.jpg""",1
" ""51551.jpg""",1
" ""51550.jpg""",1
" ""51549.jpg""",1
" ""51548.jpg""",1
" ""51547.jpg""",1
" ""51546.jpg""",1
" ""51544.jpg""",1
" ""51543.jpg""",1
" ""51542.jpg""",1
" ""51540.jpg""",1
" ""51539.jpg""",1
" ""51537.jpg""",1
" ""51536.jpg""",1
" ""51535.jpg""",1
" ""51534.jpg""",1
" ""51532.jpg""",1
" ""51531.jpg""",1
" ""51530.jpg""",1
" ""51529.jpg""",1
" ""51527.jpg""",1
" ""51526.jpg""",1
" ""51525.jpg""",1
" ""51523.jpg""",1
" ""51522.jpg""",1
" ""51521.jpg""",1
" ""40545.jpg""",1
" ""40543.jpg""",1
" ""10106.jpg""",1
" ""25319.jpg""",1
" ""25334.jpg""",1
" ""25333.jpg""",1
" ""25332.jpg""",1
" ""25331.jpg""",1
" ""25330.jpg""",1
" ""25329.jpg""",1
" ""25328.jpg""",1
" ""25327.jpg""",1
" ""25325.jpg""",1
" ""25324.jpg""",1
" ""25323.jpg""",1
" ""25320.jpg""",1
" ""25317.jpg""",1
" ""25336.jpg""",1
" ""25316.jpg""",1
" ""25314.jpg""",1
" ""25312.jpg""",1
" ""25311.jpg""",1
" ""25310.jpg""",1
" ""25309.jpg""",1
" ""25308.jpg""",1
" ""24487.jpg""",1
" ""23519.jpg""",1
" ""23517.jpg""",1
" ""23516.jpg""",1
" ""23514.jpg""",1
" ""25335.jpg""",1
" ""25337.jpg""",1
" ""23510.jpg""",1
" ""25620.jpg""",1
" ""25636.jpg""",1
" ""25635.jpg""",1
" ""25633.jpg""",1
" ""25632.jpg""",1
" ""25631.jpg""",1
" ""25630.jpg""",1
" ""25629.jpg""",1
" ""25628.jpg""",1
" ""25626.jpg""",1
" ""25625.jpg""",1
" ""25623.jpg""",1
" ""25622.jpg""",1
" ""25619.jpg""",1
" ""25338.jpg""",1
" ""25618.jpg""",1
" ""25617.jpg""",1
" ""25616.jpg""",1
" ""25615.jpg""",1
" ""25614.jpg""",1
" ""25612.jpg""",1
" ""25611.jpg""",1
" ""25609.jpg""",1
" ""25607.jpg""",1
" ""25606.jpg""",1
" ""25605.jpg""",1
" ""25604.jpg""",1
" ""23513.jpg""",1
" ""23294.jpg""",1
" ""25640.jpg""",1
" ""22927.jpg""",1
" ""22950.jpg""",1
" ""22949.jpg""",1
" ""22945.jpg""",1
" ""22944.jpg""",1
" ""22942.jpg""",1
" ""22941.jpg""",1
" ""22939.jpg""",1
" ""22937.jpg""",1
" ""22932.jpg""",1
" ""22931.jpg""",1
" ""22929.jpg""",1
" ""22928.jpg""",1
" ""22926.jpg""",1
" ""23258.jpg""",1
" ""22925.jpg""",1
" ""22921.jpg""",1
" ""22920.jpg""",1
" ""22919.jpg""",1
" ""21711.jpg""",1
" ""21708.jpg""",1
" ""21707.jpg""",1
" ""21706.jpg""",1
" ""21705.jpg""",1
" ""21704.jpg""",1
" ""21702.jpg""",1
" ""21701.jpg""",1
" ""23257.jpg""",1
" ""23261.jpg""",1
" ""23292.jpg""",1
" ""23278.jpg""",1
" ""23291.jpg""",1
" ""23290.jpg""",1
" ""23289.jpg""",1
" ""23288.jpg""",1
" ""23287.jpg""",1
" ""23285.jpg""",1
" ""23284.jpg""",1
" ""23283.jpg""",1
" ""23282.jpg""",1
" ""23281.jpg""",1
" ""23280.jpg""",1
" ""23279.jpg""",1
" ""23277.jpg""",1
" ""23262.jpg""",1
" ""23275.jpg""",1
" ""23274.jpg""",1
" ""23273.jpg""",1
" ""23272.jpg""",1
" ""23271.jpg""",1
" ""23270.jpg""",1
" ""23269.jpg""",1
" ""23268.jpg""",1
" ""23266.jpg""",1
" ""23265.jpg""",1
" ""23264.jpg""",1
" ""23263.jpg""",1
" ""25638.jpg""",1
" ""25642.jpg""",1
" ""21699.jpg""",1
" ""29416.jpg""",1
" ""29457.jpg""",1
" ""29455.jpg""",1
" ""29451.jpg""",1
" ""29450.jpg""",1
" ""29447.jpg""",1
" ""29445.jpg""",1
" ""29444.jpg""",1
" ""29440.jpg""",1
" ""29434.jpg""",1
" ""29432.jpg""",1
" ""29422.jpg""",1
" ""29417.jpg""",1
" ""29413.jpg""",1
" ""29467.jpg""",1
" ""29411.jpg""",1
" ""29410.jpg""",1
" ""29409.jpg""",1
" ""29407.jpg""",1
" ""28586.jpg""",1
" ""28584.jpg""",1
" ""28583.jpg""",1
" ""28582.jpg""",1
" ""28581.jpg""",1
" ""28580.jpg""",1
" ""28578.jpg""",1
" ""28577.jpg""",1
" ""29461.jpg""",1
" ""29468.jpg""",1
" ""28440.jpg""",1
" ""29505.jpg""",1
" ""29744.jpg""",1
" ""29529.jpg""",1
" ""29526.jpg""",1
" ""29525.jpg""",1
" ""29524.jpg""",1
" ""29523.jpg""",1
" ""29519.jpg""",1
" ""29514.jpg""",1
" ""29511.jpg""",1
" ""29508.jpg""",1
" ""29507.jpg""",1
" ""29506.jpg""",1
" ""29503.jpg""",1
" ""29470.jpg""",1
" ""29502.jpg""",1
" ""29501.jpg""",1
" ""29499.jpg""",1
" ""29497.jpg""",1
" ""29496.jpg""",1
" ""29494.jpg""",1
" ""29492.jpg""",1
" ""29491.jpg""",1
" ""29490.jpg""",1
" ""29489.jpg""",1
" ""29480.jpg""",1
" ""29472.jpg""",1
" ""28576.jpg""",1
" ""28438.jpg""",1
" ""25645.jpg""",1
" ""25663.jpg""",1
" ""25680.jpg""",1
" ""25679.jpg""",1
" ""25678.jpg""",1
" ""25676.jpg""",1
" ""25675.jpg""",1
" ""25674.jpg""",1
" ""25673.jpg""",1
" ""25672.jpg""",1
" ""25671.jpg""",1
" ""25670.jpg""",1
" ""25666.jpg""",1
" ""25665.jpg""",1
" ""25661.jpg""",1
" ""25683.jpg""",1
" ""25660.jpg""",1
" ""25659.jpg""",1
" ""25658.jpg""",1
" ""25657.jpg""",1
" ""25656.jpg""",1
" ""25655.jpg""",1
" ""25654.jpg""",1
" ""25653.jpg""",1
" ""25652.jpg""",1
" ""25649.jpg""",1
" ""25648.jpg""",1
" ""25647.jpg""",1
" ""25681.jpg""",1
" ""26330.jpg""",1
" ""28437.jpg""",1
" ""26348.jpg""",1
" ""28436.jpg""",1
" ""28435.jpg""",1
" ""28434.jpg""",1
" ""28433.jpg""",1
" ""28432.jpg""",1
" ""28430.jpg""",1
" ""28429.jpg""",1
" ""28428.jpg""",1
" ""28276.jpg""",1
" ""26352.jpg""",1
" ""26350.jpg""",1
" ""26349.jpg""",1
" ""26347.jpg""",1
" ""26331.jpg""",1
" ""26346.jpg""",1
" ""26345.jpg""",1
" ""26344.jpg""",1
" ""26343.jpg""",1
" ""26341.jpg""",1
" ""26339.jpg""",1
" ""26338.jpg""",1
" ""26337.jpg""",1
" ""26336.jpg""",1
" ""26334.jpg""",1
" ""26333.jpg""",1
" ""26332.jpg""",1
" ""21700.jpg""",1
" ""21696.jpg""",1
" ""40542.jpg""",1
" ""11210.jpg""",1
" ""11226.jpg""",1
" ""11225.jpg""",1
" ""11223.jpg""",1
" ""11222.jpg""",1
" ""11221.jpg""",1
" ""11220.jpg""",1
" ""11216.jpg""",1
" ""11215.jpg""",1
" ""11214.jpg""",1
" ""11213.jpg""",1
" ""11212.jpg""",1
" ""11211.jpg""",1
" ""11208.jpg""",1
" ""11229.jpg""",1
" ""11207.jpg""",1
" ""11203.jpg""",1
" ""11202.jpg""",1
" ""11200.jpg""",1
" ""11199.jpg""",1
" ""11198.jpg""",1
" ""11193.jpg""",1
" ""11192.jpg""",1
" ""11191.jpg""",1
" ""11188.jpg""",1
" ""11180.jpg""",1
" ""11178.jpg""",1
" ""11228.jpg""",1
" ""11230.jpg""",1
" ""11132.jpg""",1
" ""11644.jpg""",1
" ""13841.jpg""",1
" ""13840.jpg""",1
" ""13838.jpg""",1
" ""13062.jpg""",1
" ""13060.jpg""",1
" ""13059.jpg""",1
" ""13058.jpg""",1
" ""13054.jpg""",1
" ""13053.jpg""",1
" ""11650.jpg""",1
" ""11646.jpg""",1
" ""11645.jpg""",1
" ""11643.jpg""",1
" ""11231.jpg""",1
" ""11642.jpg""",1
" ""11639.jpg""",1
" ""11638.jpg""",1
" ""11635.jpg""",1
" ""11634.jpg""",1
" ""11490.jpg""",1
" ""11488.jpg""",1
" ""11487.jpg""",1
" ""11486.jpg""",1
" ""11485.jpg""",1
" ""11484.jpg""",1
" ""11483.jpg""",1
" ""11134.jpg""",1
" ""11005.jpg""",1
" ""15281.jpg""",1
" ""10193.jpg""",1
" ""10384.jpg""",1
" ""10329.jpg""",1
" ""10327.jpg""",1
" ""10326.jpg""",1
" ""10319.jpg""",1
" ""10318.jpg""",1
" ""10316.jpg""",1
" ""10315.jpg""",1
" ""10314.jpg""",1
" ""10241.jpg""",1
" ""10235.jpg""",1
" ""10195.jpg""",1
" ""10192.jpg""",1
" ""10388.jpg""",1
" ""10181.jpg""",1
" ""10141.jpg""",1
" ""10140.jpg""",1
" ""10139.jpg""",1
" ""10138.jpg""",1
" ""10137.jpg""",1
" ""10135.jpg""",1
" ""10134.jpg""",1
" ""10133.jpg""",1
" ""10131.jpg""",1
" ""10109.jpg""",1
" ""10108.jpg""",1
" ""10385.jpg""",1
" ""10391.jpg""",1
" ""11002.jpg""",1
" ""10608.jpg""",1
" ""11000.jpg""",1
" ""10999.jpg""",1
" ""10998.jpg""",1
" ""10738.jpg""",1
" ""10707.jpg""",1
" ""10706.jpg""",1
" ""10702.jpg""",1
" ""10701.jpg""",1
" ""10700.jpg""",1
" ""10699.jpg""",1
" ""10698.jpg""",1
" ""10609.jpg""",1
" ""10605.jpg""",1
" ""10392.jpg""",1
" ""10588.jpg""",1
" ""10587.jpg""",1
" ""10585.jpg""",1
" ""10583.jpg""",1
" ""10582.jpg""",1
" ""10581.jpg""",1
" ""10400.jpg""",1
" ""10399.jpg""",1
" ""10398.jpg""",1
" ""10397.jpg""",1
" ""10396.jpg""",1
" ""10394.jpg""",1
" ""13926.jpg""",1
" ""16771.jpg""",1
" ""21693.jpg""",1
" ""19290.jpg""",1
" ""19765.jpg""",1
" ""19764.jpg""",1
" ""19762.jpg""",1
" ""19759.jpg""",1
" ""19758.jpg""",1
" ""19756.jpg""",1
" ""19301.jpg""",1
" ""19300.jpg""",1
" ""19299.jpg""",1
" ""19298.jpg""",1
" ""19296.jpg""",1
" ""19294.jpg""",1
" ""19287.jpg""",1
" ""19767.jpg""",1
" ""19286.jpg""",1
" ""19285.jpg""",1
" ""19284.jpg""",1
" ""19283.jpg""",1
" ""19282.jpg""",1
" ""19281.jpg""",1
" ""19280.jpg""",1
" ""19277.jpg""",1
" ""19275.jpg""",1
" ""19274.jpg""",1
" ""19273.jpg""",1
" ""19271.jpg""",1
" ""19766.jpg""",1
" ""21478.jpg""",1
" ""19267.jpg""",1
" ""21678.jpg""",1
" ""21692.jpg""",1
" ""21691.jpg""",1
" ""21690.jpg""",1
" ""21689.jpg""",1
" ""21686.jpg""",1
" ""21685.jpg""",1
" ""21684.jpg""",1
" ""21683.jpg""",1
" ""21682.jpg""",1
" ""21681.jpg""",1
" ""21680.jpg""",1
" ""21679.jpg""",1
" ""21675.jpg""",1
" ""21481.jpg""",1
" ""21674.jpg""",1
" ""21673.jpg""",1
" ""21672.jpg""",1
" ""21671.jpg""",1
" ""21670.jpg""",1
" ""21669.jpg""",1
" ""21668.jpg""",1
" ""21667.jpg""",1
" ""21666.jpg""",1
" ""21665.jpg""",1
" ""21664.jpg""",1
" ""21483.jpg""",1
" ""19270.jpg""",1
" ""19266.jpg""",1
" ""16772.jpg""",1
" ""17422.jpg""",1
" ""17434.jpg""",1
" ""17433.jpg""",1
" ""17432.jpg""",1
" ""17431.jpg""",1
" ""17430.jpg""",1
" ""17429.jpg""",1
" ""17428.jpg""",1
" ""17427.jpg""",1
" ""17426.jpg""",1
" ""17425.jpg""",1
" ""17424.jpg""",1
" ""17423.jpg""",1
" ""17421.jpg""",1
" ""17439.jpg""",1
" ""17419.jpg""",1
" ""17418.jpg""",1
" ""17417.jpg""",1
" ""16786.jpg""",1
" ""16784.jpg""",1
" ""16783.jpg""",1
" ""16782.jpg""",1
" ""16780.jpg""",1
" ""16779.jpg""",1
" ""16778.jpg""",1
" ""16777.jpg""",1
" ""16774.jpg""",1
" ""17435.jpg""",1
" ""17440.jpg""",1
" ""19265.jpg""",1
" ""17462.jpg""",1
" ""19264.jpg""",1
" ""19263.jpg""",1
" ""19262.jpg""",1
" ""19257.jpg""",1
" ""19255.jpg""",1
" ""19253.jpg""",1
" ""19252.jpg""",1
" ""19251.jpg""",1
" ""19249.jpg""",1
" ""19248.jpg""",1
" ""19247.jpg""",1
" ""18534.jpg""",1
" ""17460.jpg""",1
" ""17441.jpg""",1
" ""17459.jpg""",1
" ""17457.jpg""",1
" ""17456.jpg""",1
" ""17455.jpg""",1
" ""17453.jpg""",1
" ""17452.jpg""",1
" ""17451.jpg""",1
" ""17450.jpg""",1
" ""17449.jpg""",1
" ""17447.jpg""",1
" ""17445.jpg""",1
" ""17442.jpg""",1
" ""29745.jpg""",1
" ""29746.jpg""",1
" ""29747.jpg""",1
" ""36803.jpg""",1
" ""37288.jpg""",1
" ""36941.jpg""",1
" ""36905.jpg""",1
" ""36902.jpg""",1
" ""36900.jpg""",1
" ""36899.jpg""",1
" ""36898.jpg""",1
" ""36895.jpg""",1
" ""36894.jpg""",1
" ""36893.jpg""",1
" ""36806.jpg""",1
" ""36804.jpg""",1
" ""36802.jpg""",1
" ""37291.jpg""",1
" ""36801.jpg""",1
" ""36798.jpg""",1
" ""36796.jpg""",1
" ""36795.jpg""",1
" ""36792.jpg""",1
" ""36791.jpg""",1
" ""36790.jpg""",1
" ""36787.jpg""",1
" ""36784.jpg""",1
" ""36783.jpg""",1
" ""36782.jpg""",1
" ""36780.jpg""",1
" ""37289.jpg""",1
" ""37292.jpg""",1
" ""36778.jpg""",1
" ""37311.jpg""",1
" ""37324.jpg""",1
" ""37323.jpg""",1
" ""37322.jpg""",1
" ""37321.jpg""",1
" ""37320.jpg""",1
" ""37319.jpg""",1
" ""37318.jpg""",1
" ""37317.jpg""",1
" ""37316.jpg""",1
" ""37315.jpg""",1
" ""37314.jpg""",1
" ""37312.jpg""",1
" ""37309.jpg""",1
" ""37294.jpg""",1
" ""37308.jpg""",1
" ""37307.jpg""",1
" ""37306.jpg""",1
" ""37305.jpg""",1
" ""37302.jpg""",1
" ""37301.jpg""",1
" ""37300.jpg""",1
" ""37299.jpg""",1
" ""37298.jpg""",1
" ""37297.jpg""",1
" ""37296.jpg""",1
" ""37295.jpg""",1
" ""36779.jpg""",1
" ""36776.jpg""",1
" ""37326.jpg""",1
" ""33914.jpg""",1
" ""33927.jpg""",1
" ""33926.jpg""",1
" ""33925.jpg""",1
" ""33924.jpg""",1
" ""33923.jpg""",1
" ""33922.jpg""",1
" ""33920.jpg""",1
" ""33919.jpg""",1
" ""33918.jpg""",1
" ""33917.jpg""",1
" ""33916.jpg""",1
" ""33915.jpg""",1
" ""33913.jpg""",1
" ""33929.jpg""",1
" ""33912.jpg""",1
" ""33910.jpg""",1
" ""33909.jpg""",1
" ""33908.jpg""",1
" ""33907.jpg""",1
" ""33906.jpg""",1
" ""33905.jpg""",1
" ""33904.jpg""",1
" ""33903.jpg""",1
" ""33902.jpg""",1
" ""33901.jpg""",1
" ""33898.jpg""",1
" ""33928.jpg""",1
" ""33930.jpg""",1
" ""36775.jpg""",1
" ""36761.jpg""",1
" ""36774.jpg""",1
" ""36773.jpg""",1
" ""36772.jpg""",1
" ""36771.jpg""",1
" ""36770.jpg""",1
" ""36768.jpg""",1
" ""36767.jpg""",1
" ""36766.jpg""",1
" ""36765.jpg""",1
" ""36764.jpg""",1
" ""36763.jpg""",1
" ""36762.jpg""",1
" ""36760.jpg""",1
" ""33931.jpg""",1
" ""36759.jpg""",1
" ""36758.jpg""",1
" ""36757.jpg""",1
" ""36756.jpg""",1
" ""36755.jpg""",1
" ""35282.jpg""",1
" ""34626.jpg""",1
" ""34625.jpg""",1
" ""34624.jpg""",1
" ""34619.jpg""",1
" ""33933.jpg""",1
" ""33932.jpg""",1
" ""37325.jpg""",1
" ""37327.jpg""",1
" ""29748.jpg""",1
" ""39360.jpg""",1
" ""39713.jpg""",1
" ""39709.jpg""",1
" ""39377.jpg""",1
" ""39376.jpg""",1
" ""39375.jpg""",1
" ""39370.jpg""",1
" ""39368.jpg""",1
" ""39366.jpg""",1
" ""39365.jpg""",1
" ""39363.jpg""",1
" ""39362.jpg""",1
" ""39361.jpg""",1
" ""39355.jpg""",1
" ""40500.jpg""",1
" ""39353.jpg""",1
" ""39031.jpg""",1
" ""39030.jpg""",1
" ""39029.jpg""",1
" ""39028.jpg""",1
" ""39026.jpg""",1
" ""39025.jpg""",1
" ""39023.jpg""",1
" ""39022.jpg""",1
" ""39018.jpg""",1
" ""39017.jpg""",1
" ""39016.jpg""",1
" ""40499.jpg""",1
" ""40501.jpg""",1
" ""39014.jpg""",1
" ""40524.jpg""",1
" ""40540.jpg""",1
" ""40538.jpg""",1
" ""40537.jpg""",1
" ""40536.jpg""",1
" ""40535.jpg""",1
" ""40533.jpg""",1
" ""40531.jpg""",1
" ""40530.jpg""",1
" ""40529.jpg""",1
" ""40528.jpg""",1
" ""40527.jpg""",1
" ""40525.jpg""",1
" ""40523.jpg""",1
" ""40502.jpg""",1
" ""40521.jpg""",1
" ""40520.jpg""",1
" ""40519.jpg""",1
" ""40515.jpg""",1
" ""40513.jpg""",1
" ""40512.jpg""",1
" ""40511.jpg""",1
" ""40510.jpg""",1
" ""40507.jpg""",1
" ""40506.jpg""",1
" ""40504.jpg""",1
" ""40503.jpg""",1
" ""39015.jpg""",1
" ""38054.jpg""",1
" ""37328.jpg""",1
" ""37482.jpg""",1
" ""38006.jpg""",1
" ""38005.jpg""",1
" ""38004.jpg""",1
" ""38003.jpg""",1
" ""37509.jpg""",1
" ""37506.jpg""",1
" ""37495.jpg""",1
" ""37494.jpg""",1
" ""37490.jpg""",1
" ""37488.jpg""",1
" ""37485.jpg""",1
" ""37483.jpg""",1
" ""37481.jpg""",1
" ""38010.jpg""",1
" ""37480.jpg""",1
" ""37478.jpg""",1
" ""37477.jpg""",1
" ""37474.jpg""",1
" ""37473.jpg""",1
" ""37472.jpg""",1
" ""37471.jpg""",1
" ""37335.jpg""",1
" ""37334.jpg""",1
" ""37333.jpg""",1
" ""37332.jpg""",1
" ""37330.jpg""",1
" ""38007.jpg""",1
" ""38011.jpg""",1
" ""38053.jpg""",1
" ""38031.jpg""",1
" ""38051.jpg""",1
" ""38050.jpg""",1
" ""38049.jpg""",1
" ""38047.jpg""",1
" ""38046.jpg""",1
" ""38045.jpg""",1
" ""38044.jpg""",1
" ""38043.jpg""",1
" ""38042.jpg""",1
" ""38034.jpg""",1
" ""38033.jpg""",1
" ""38032.jpg""",1
" ""38030.jpg""",1
" ""38015.jpg""",1
" ""38029.jpg""",1
" ""38028.jpg""",1
" ""38027.jpg""",1
" ""38026.jpg""",1
" ""38025.jpg""",1
" ""38024.jpg""",1
" ""38023.jpg""",1
" ""38022.jpg""",1
" ""38021.jpg""",1
" ""38020.jpg""",1
" ""38018.jpg""",1
" ""38016.jpg""",1
" ""33897.jpg""",1
" ""33895.jpg""",1
" ""33894.jpg""",1
" ""30055.jpg""",1
" ""30070.jpg""",1
" ""30069.jpg""",1
" ""30067.jpg""",1
" ""30066.jpg""",1
" ""30065.jpg""",1
" ""30064.jpg""",1
" ""30063.jpg""",1
" ""30060.jpg""",1
" ""30059.jpg""",1
" ""30058.jpg""",1
" ""30057.jpg""",1
" ""30056.jpg""",1
" ""30054.jpg""",1
" ""30072.jpg""",1
" ""30053.jpg""",1
" ""30048.jpg""",1
" ""30047.jpg""",1
" ""30046.jpg""",1
" ""30045.jpg""",1
" ""30043.jpg""",1
" ""30041.jpg""",1
" ""30040.jpg""",1
" ""30039.jpg""",1
" ""30038.jpg""",1
" ""30037.jpg""",1
" ""30036.jpg""",1
" ""30071.jpg""",1
" ""30074.jpg""",1
" ""30029.jpg""",1
" ""30169.jpg""",1
" ""31827.jpg""",1
" ""31826.jpg""",1
" ""31825.jpg""",1
" ""31824.jpg""",1
" ""31822.jpg""",1
" ""31821.jpg""",1
" ""31820.jpg""",1
" ""31819.jpg""",1
" ""31818.jpg""",1
" ""31816.jpg""",1
" ""30179.jpg""",1
" ""30172.jpg""",1
" ""30166.jpg""",1
" ""30075.jpg""",1
" ""30162.jpg""",1
" ""30091.jpg""",1
" ""30089.jpg""",1
" ""30087.jpg""",1
" ""30086.jpg""",1
" ""30085.jpg""",1
" ""30084.jpg""",1
" ""30082.jpg""",1
" ""30081.jpg""",1
" ""30080.jpg""",1
" ""30077.jpg""",1
" ""30076.jpg""",1
" ""30035.jpg""",1
" ""30025.jpg""",1
" ""33893.jpg""",1
" ""29907.jpg""",1
" ""29924.jpg""",1
" ""29923.jpg""",1
" ""29922.jpg""",1
" ""29921.jpg""",1
" ""29917.jpg""",1
" ""29916.jpg""",1
" ""29915.jpg""",1
" ""29914.jpg""",1
" ""29912.jpg""",1
" ""29911.jpg""",1
" ""29910.jpg""",1
" ""29909.jpg""",1
" ""29906.jpg""",1
" ""29926.jpg""",1
" ""29905.jpg""",1
" ""29904.jpg""",1
" ""29763.jpg""",1
" ""29761.jpg""",1
" ""29760.jpg""",1
" ""29759.jpg""",1
" ""29757.jpg""",1
" ""29756.jpg""",1
" ""29754.jpg""",1
" ""29751.jpg""",1
" ""29750.jpg""",1
" ""29749.jpg""",1
" ""29925.jpg""",1
" ""29927.jpg""",1
" ""30024.jpg""",1
" ""29975.jpg""",1
" ""30023.jpg""",1
" ""30020.jpg""",1
" ""30018.jpg""",1
" ""30011.jpg""",1
" ""30002.jpg""",1
" ""30001.jpg""",1
" ""30000.jpg""",1
" ""29994.jpg""",1
" ""29990.jpg""",1
" ""29985.jpg""",1
" ""29982.jpg""",1
" ""29981.jpg""",1
" ""29950.jpg""",1
" ""29928.jpg""",1
" ""29949.jpg""",1
" ""29948.jpg""",1
" ""29947.jpg""",1
" ""29946.jpg""",1
" ""29945.jpg""",1
" ""29944.jpg""",1
" ""29943.jpg""",1
" ""29939.jpg""",1
" ""29934.jpg""",1
" ""29933.jpg""",1
" ""29932.jpg""",1
" ""29929.jpg""",1
" ""31828.jpg""",1
" ""31830.jpg""",1
" ""31831.jpg""",1
" ""32348.jpg""",1
" ""32363.jpg""",1
" ""32362.jpg""",1
" ""32361.jpg""",1
" ""32360.jpg""",1
" ""32359.jpg""",1
" ""32358.jpg""",1
" ""32357.jpg""",1
" ""32356.jpg""",1
" ""32354.jpg""",1
" ""32351.jpg""",1
" ""32350.jpg""",1
" ""32349.jpg""",1
" ""32346.jpg""",1
" ""32366.jpg""",1
" ""32345.jpg""",1
" ""32343.jpg""",1
" ""32341.jpg""",1
" ""32339.jpg""",1
" ""32338.jpg""",1
" ""32337.jpg""",1
" ""32336.jpg""",1
" ""32333.jpg""",1
" ""32332.jpg""",1
" ""32331.jpg""",1
" ""32330.jpg""",1
" ""32329.jpg""",1
" ""32365.jpg""",1
" ""32367.jpg""",1
" ""31832.jpg""",1
" ""33875.jpg""",1
" ""33892.jpg""",1
" ""33891.jpg""",1
" ""33889.jpg""",1
" ""33888.jpg""",1
" ""33887.jpg""",1
" ""33886.jpg""",1
" ""33885.jpg""",1
" ""33884.jpg""",1
" ""33881.jpg""",1
" ""33878.jpg""",1
" ""33877.jpg""",1
" ""33876.jpg""",1
" ""33872.jpg""",1
" ""32368.jpg""",1
" ""33871.jpg""",1
" ""33870.jpg""",1
" ""33869.jpg""",1
" ""33867.jpg""",1
" ""33637.jpg""",1
" ""33484.jpg""",1
" ""32375.jpg""",1
" ""32374.jpg""",1
" ""32373.jpg""",1
" ""32372.jpg""",1
" ""32371.jpg""",1
" ""32370.jpg""",1
" ""32327.jpg""",1
" ""32325.jpg""",1
" ""32322.jpg""",1
" ""31848.jpg""",1
" ""31864.jpg""",1
" ""31863.jpg""",1
" ""31862.jpg""",1
" ""31859.jpg""",1
" ""31857.jpg""",1
" ""31856.jpg""",1
" ""31855.jpg""",1
" ""31853.jpg""",1
" ""31852.jpg""",1
" ""31851.jpg""",1
" ""31850.jpg""",1
" ""31849.jpg""",1
" ""31847.jpg""",1
" ""32321.jpg""",1
" ""31846.jpg""",1
" ""31845.jpg""",1
" ""31844.jpg""",1
" ""31842.jpg""",1
" ""31841.jpg""",1
" ""31840.jpg""",1
" ""31839.jpg""",1
" ""31838.jpg""",1
" ""31837.jpg""",1
" ""31836.jpg""",1
" ""31835.jpg""",1
" ""31834.jpg""",1
" ""31866.jpg""",1
" ""31867.jpg""",1
" ""31868.jpg""",1
" ""32281.jpg""",1
" ""32320.jpg""",1
" ""32319.jpg""",1
" ""32318.jpg""",1
" ""32317.jpg""",1
" ""32316.jpg""",1
" ""32315.jpg""",1
" ""32314.jpg""",1
" ""32313.jpg""",1
" ""32311.jpg""",1
" ""32308.jpg""",1
" ""32307.jpg""",1
" ""32306.jpg""",1
" ""32299.jpg""",1
" ""32298.jpg""",1
" ""32297.jpg""",1
" ""32296.jpg""",1
" ""32295.jpg""",1
" ""32294.jpg""",1
" ""32292.jpg""",1
" ""32291.jpg""",1
" ""32289.jpg""",1
" ""32287.jpg""",1
" ""32286.jpg""",1
" ""32283.jpg""",1
" ""32282.jpg""",1
" ""Fossil_Adults-Women_Women_White_Fashion_Winter_2016_Casual_Stainless_Steel_1_year_Mechanical_50_m_Ca_0""",1
